/*
Navicat MySQL Data Transfer

Source Server         : Me
Source Server Version : 50640
Source Host           : localhost:3306
Source Database       : test

Target Server Type    : MYSQL
Target Server Version : 50640
File Encoding         : 65001

Date: 2018-12-13 18:21:20
*/

SET FOREIGN_KEY_CHECKS=0;

-- ----------------------------
-- Table structure for department
-- ----------------------------
DROP TABLE IF EXISTS `department`;
CREATE TABLE `department` (
`id`  bigint(20) NOT NULL AUTO_INCREMENT ,
`createdate`  datetime NULL DEFAULT NULL ,
`name`  varchar(255) CHARACTER SET latin1 COLLATE latin1_swedish_ci NULL DEFAULT NULL ,
PRIMARY KEY (`id`)
)
ENGINE=InnoDB
DEFAULT CHARACTER SET=latin1 COLLATE=latin1_swedish_ci
AUTO_INCREMENT=9

;

-- ----------------------------
-- Records of department
-- ----------------------------
BEGIN;
INSERT INTO `department` VALUES ('8', null, 'Tec');
COMMIT;

-- ----------------------------
-- Table structure for expense
-- ----------------------------
DROP TABLE IF EXISTS `expense`;
CREATE TABLE `expense` (
`ID`  bigint(20) NOT NULL AUTO_INCREMENT ,
`ITEM_ID`  bigint(20) NULL DEFAULT NULL ,
`QTY`  float(8,2) NULL DEFAULT NULL ,
`PRICE`  float(8,2) NULL DEFAULT NULL ,
`CHARGE`  float(8,2) NULL DEFAULT NULL ,
`REMARK`  varchar(255) CHARACTER SET utf8 COLLATE utf8_general_ci NULL DEFAULT NULL ,
`USER_ID`  bigint(20) NULL DEFAULT NULL ,
`CREATE_TIME`  datetime NULL DEFAULT NULL ,
PRIMARY KEY (`ID`),
INDEX `FKpmlp2n78qelou6klwwvd5yg4g` (`ITEM_ID`) USING BTREE 
)
ENGINE=MyISAM
DEFAULT CHARACTER SET=utf8 COLLATE=utf8_general_ci
AUTO_INCREMENT=299

;

-- ----------------------------
-- Records of expense
-- ----------------------------
BEGIN;
INSERT INTO `expense` VALUES ('17', '2', '5.00', '5.00', '50.00', '调节', '0', '2018-12-10 11:51:36'), ('2', '4', '1.00', '2.00', '20.00', '调节', '0', '2017-02-04 15:05:47'), ('3', '3', '1.00', '2.00', '38.00', '调节', '0', '2018-12-09 15:05:55'), ('14', '4', '74.00', '7.00', '7.00', '调节', '0', '2016-01-01 11:09:16'), ('16', '4', '74.00', '7.00', '7.00', '调节', '0', '2016-01-02 11:51:36'), ('15', '3', '1.00', '2.00', '33.00', '调节', '0', '2018-11-06 11:51:36'), ('13', '3', '1.00', '2.00', '33.00', '调节', '0', '2017-02-03 11:09:16'), ('11', '4', '6.00', '6.00', '6.00', '调节', '0', '2018-02-04 17:05:31'), ('9', '4', '74.00', '7.00', '7.00', '调节', '0', '2018-08-05 17:05:31'), ('18', '2', '5.00', '5.00', '50.00', '调节', '0', '2018-12-10 11:51:36'), ('19', '4', '1.00', '2.00', '20.00', '调节', '0', '2017-02-04 15:05:47'), ('20', '3', '1.00', '2.00', '38.00', '调节', '0', '2018-12-09 15:05:55'), ('21', '4', '74.00', '7.00', '7.00', '调节', '0', '2016-01-01 11:09:16'), ('22', '4', '74.00', '7.00', '7.00', '调节', '0', '2016-01-02 11:51:36'), ('23', '3', '1.00', '2.00', '33.00', '调节', '0', '2018-10-06 11:51:36'), ('24', '3', '1.00', '2.00', '33.00', '调节', '0', '2017-02-03 11:09:16'), ('25', '4', '6.00', '6.00', '6.00', '调节', '0', '2018-01-04 17:05:31'), ('26', '4', '74.00', '7.00', '7.00', '调节', '0', '2018-09-05 17:05:31'), ('27', '2', '5.00', '5.00', '50.00', '调节', '0', '2018-12-10 11:51:36'), ('28', '4', '1.00', '2.00', '20.00', '调节', '0', '2017-02-04 15:05:47'), ('29', '3', '1.00', '2.00', '38.00', '调节', '0', '2018-12-09 15:05:55'), ('30', '4', '74.00', '7.00', '7.00', '调节', '0', '2016-01-01 11:09:16'), ('31', '4', '74.00', '7.00', '7.00', '调节', '0', '2016-01-02 11:51:36'), ('32', '3', '1.00', '2.00', '33.00', '调节', '0', '2018-10-06 11:51:36'), ('33', '3', '1.00', '2.00', '33.00', '调节', '0', '2017-02-03 11:09:16'), ('34', '4', '6.00', '6.00', '6.00', '调节', '0', '2018-01-04 17:05:31'), ('35', '4', '74.00', '7.00', '7.00', '调节', '0', '2018-09-05 17:05:31'), ('36', '2', '5.00', '5.00', '50.00', '调节', '0', '2018-12-10 11:51:36'), ('37', '4', '1.00', '2.00', '20.00', '调节', '0', '2017-02-04 15:05:47'), ('38', '3', '1.00', '2.00', '38.00', '调节', '0', '2018-12-09 15:05:55'), ('39', '4', '74.00', '7.00', '7.00', '调节', '0', '2016-01-01 11:09:16'), ('40', '4', '74.00', '7.00', '7.00', '调节', '0', '2016-01-02 11:51:36'), ('41', '3', '1.00', '2.00', '33.00', '调节', '0', '2018-10-06 11:51:36'), ('42', '3', '1.00', '2.00', '33.00', '调节', '0', '2017-02-03 11:09:16'), ('43', '4', '6.00', '6.00', '6.00', '调节', '0', '2018-02-04 17:05:31'), ('44', '4', '74.00', '7.00', '7.00', '调节', '0', '2018-09-05 17:05:31'), ('45', '2', '5.00', '5.00', '50.00', '调节', '0', '2018-12-10 11:51:36'), ('46', '4', '1.00', '2.00', '20.00', '调节', '0', '2017-02-04 15:05:47'), ('47', '3', '1.00', '2.00', '38.00', '调节', '0', '2018-12-09 15:05:55'), ('48', '4', '74.00', '7.00', '7.00', '调节', '0', '2016-01-01 11:09:16'), ('49', '4', '74.00', '7.00', '7.00', '调节', '0', '2016-01-02 11:51:36'), ('50', '3', '1.00', '2.00', '33.00', '调节', '0', '2018-10-06 11:51:36'), ('51', '3', '1.00', '2.00', '33.00', '调节', '0', '2017-02-03 11:09:16'), ('52', '4', '6.00', '6.00', '6.00', '调节', '0', '2018-05-04 17:05:31'), ('53', '4', '74.00', '7.00', '7.00', '调节', '0', '2018-06-05 17:05:31'), ('54', '2', '5.00', '5.00', '50.00', '调节', '0', '2018-12-10 11:51:36'), ('55', '4', '1.00', '2.00', '20.00', '调节', '0', '2017-02-04 15:05:47'), ('56', '3', '1.00', '2.00', '38.00', '调节', '0', '2018-12-09 15:05:55'), ('57', '4', '74.00', '7.00', '7.00', '调节', '0', '2016-01-01 11:09:16'), ('58', '4', '74.00', '7.00', '7.00', '调节', '0', '2016-01-02 11:51:36'), ('59', '3', '1.00', '2.00', '33.00', '调节', '0', '2018-10-06 11:51:36'), ('60', '3', '1.00', '2.00', '33.00', '调节', '0', '2017-02-03 11:09:16'), ('61', '4', '6.00', '6.00', '6.00', '调节', '0', '2018-05-04 17:05:31'), ('62', '4', '74.00', '7.00', '7.00', '调节', '0', '2018-08-05 17:05:31'), ('63', '2', '5.00', '5.00', '50.00', '调节', '0', '2018-12-10 11:51:36'), ('64', '4', '1.00', '2.00', '20.00', '调节', '0', '2017-02-04 15:05:47'), ('65', '3', '1.00', '2.00', '38.00', '调节', '0', '2018-12-09 15:05:55'), ('66', '4', '74.00', '7.00', '7.00', '调节', '0', '2016-01-01 11:09:16'), ('67', '4', '74.00', '7.00', '7.00', '调节', '0', '2016-01-02 11:51:36'), ('68', '3', '1.00', '2.00', '33.00', '调节', '0', '2018-10-06 11:51:36'), ('69', '3', '1.00', '2.00', '33.00', '调节', '0', '2017-02-03 11:09:16'), ('70', '4', '6.00', '6.00', '6.00', '调节', '0', '2018-05-04 17:05:31'), ('71', '4', '74.00', '7.00', '7.00', '调节', '0', '2018-06-05 17:05:31'), ('72', '2', '5.00', '5.00', '50.00', '调节', '0', '2018-12-10 11:51:36'), ('73', '4', '1.00', '2.00', '20.00', '调节', '0', '2017-02-04 15:05:47'), ('74', '3', '1.00', '2.00', '38.00', '调节', '0', '2018-12-09 15:05:55'), ('75', '4', '74.00', '7.00', '7.00', '调节', '0', '2016-01-01 11:09:16'), ('76', '4', '74.00', '7.00', '7.00', '调节', '0', '2016-01-02 11:51:36'), ('77', '3', '1.00', '2.00', '33.00', '调节', '0', '2018-10-06 11:51:36'), ('78', '3', '1.00', '2.00', '33.00', '调节', '0', '2017-02-03 11:09:16'), ('79', '4', '6.00', '6.00', '6.00', '调节', '0', '2018-02-04 17:05:31'), ('80', '4', '74.00', '7.00', '7.00', '调节', '0', '2018-08-05 17:05:31'), ('81', '2', '5.00', '5.00', '50.00', '调节', '0', '2018-12-10 11:51:36'), ('82', '4', '1.00', '2.00', '20.00', '调节', '0', '2017-02-04 15:05:47'), ('83', '3', '1.00', '2.00', '38.00', '调节', '0', '2018-12-09 15:05:55'), ('84', '4', '74.00', '7.00', '7.00', '调节', '0', '2016-01-01 11:09:16'), ('85', '4', '74.00', '7.00', '7.00', '调节', '0', '2016-01-02 11:51:36'), ('86', '3', '1.00', '2.00', '33.00', '调节', '0', '2018-11-06 11:51:36'), ('87', '3', '1.00', '2.00', '33.00', '调节', '0', '2017-02-03 11:09:16'), ('88', '4', '6.00', '6.00', '6.00', '调节', '0', '2018-02-04 17:05:31'), ('89', '4', '74.00', '7.00', '7.00', '调节', '0', '2018-08-05 17:05:31'), ('90', '2', '5.00', '5.00', '50.00', '调节', '0', '2018-12-10 11:51:36'), ('91', '4', '1.00', '2.00', '20.00', '调节', '0', '2017-02-04 15:05:47'), ('92', '3', '1.00', '2.00', '38.00', '调节', '0', '2018-12-09 15:05:55'), ('93', '4', '74.00', '7.00', '7.00', '调节', '0', '2016-01-01 11:09:16'), ('94', '4', '74.00', '7.00', '7.00', '调节', '0', '2016-01-02 11:51:36'), ('95', '3', '1.00', '2.00', '33.00', '调节', '0', '2018-10-06 11:51:36'), ('96', '3', '1.00', '2.00', '33.00', '调节', '0', '2017-02-03 11:09:16'), ('97', '4', '6.00', '6.00', '6.00', '调节', '0', '2018-01-04 17:05:31'), ('98', '4', '74.00', '7.00', '7.00', '调节', '0', '2018-09-05 17:05:31'), ('99', '2', '5.00', '5.00', '50.00', '调节', '0', '2018-12-10 11:51:36'), ('100', '4', '1.00', '2.00', '20.00', '调节', '0', '2017-02-04 15:05:47'), ('101', '3', '1.00', '2.00', '38.00', '调节', '0', '2018-12-09 15:05:55'), ('102', '4', '74.00', '7.00', '7.00', '调节', '0', '2016-01-01 11:09:16'), ('103', '4', '74.00', '7.00', '7.00', '调节', '0', '2016-01-02 11:51:36'), ('104', '3', '1.00', '2.00', '33.00', '调节', '0', '2018-10-06 11:51:36'), ('105', '3', '1.00', '2.00', '33.00', '调节', '0', '2017-02-03 11:09:16'), ('106', '4', '6.00', '6.00', '6.00', '调节', '0', '2018-01-04 17:05:31'), ('107', '4', '74.00', '7.00', '7.00', '调节', '0', '2018-09-05 17:05:31'), ('108', '2', '5.00', '5.00', '50.00', '调节', '0', '2018-12-10 11:51:36');
INSERT INTO `expense` VALUES ('109', '4', '1.00', '2.00', '20.00', '调节', '0', '2017-02-04 15:05:47'), ('110', '3', '1.00', '2.00', '38.00', '调节', '0', '2018-12-09 15:05:55'), ('111', '4', '74.00', '7.00', '7.00', '调节', '0', '2016-01-01 11:09:16'), ('112', '4', '74.00', '7.00', '7.00', '调节', '0', '2016-01-02 11:51:36'), ('113', '3', '1.00', '2.00', '33.00', '调节', '0', '2018-10-06 11:51:36'), ('114', '3', '1.00', '2.00', '33.00', '调节', '0', '2017-02-03 11:09:16'), ('115', '4', '6.00', '6.00', '6.00', '调节', '0', '2018-02-04 17:05:31'), ('116', '4', '74.00', '7.00', '7.00', '调节', '0', '2018-09-05 17:05:31'), ('117', '2', '5.00', '5.00', '50.00', '调节', '0', '2018-12-10 11:51:36'), ('118', '4', '1.00', '2.00', '20.00', '调节', '0', '2017-02-04 15:05:47'), ('119', '3', '1.00', '2.00', '38.00', '调节', '0', '2018-12-09 15:05:55'), ('120', '4', '74.00', '7.00', '7.00', '调节', '0', '2016-01-01 11:09:16'), ('121', '4', '74.00', '7.00', '7.00', '调节', '0', '2016-01-02 11:51:36'), ('122', '3', '1.00', '2.00', '33.00', '调节', '0', '2018-10-06 11:51:36'), ('123', '3', '1.00', '2.00', '33.00', '调节', '0', '2017-02-03 11:09:16'), ('124', '4', '6.00', '6.00', '6.00', '调节', '0', '2018-05-04 17:05:31'), ('125', '4', '74.00', '7.00', '7.00', '调节', '0', '2018-06-05 17:05:31'), ('126', '2', '5.00', '5.00', '50.00', '调节', '0', '2018-12-10 11:51:36'), ('127', '4', '1.00', '2.00', '20.00', '调节', '0', '2017-02-04 15:05:47'), ('128', '3', '1.00', '2.00', '38.00', '调节', '0', '2018-12-09 15:05:55'), ('129', '4', '74.00', '7.00', '7.00', '调节', '0', '2016-01-01 11:09:16'), ('130', '4', '74.00', '7.00', '7.00', '调节', '0', '2016-01-02 11:51:36'), ('131', '3', '1.00', '2.00', '33.00', '调节', '0', '2018-10-06 11:51:36'), ('132', '3', '1.00', '2.00', '33.00', '调节', '0', '2017-02-03 11:09:16'), ('133', '4', '6.00', '6.00', '6.00', '调节', '0', '2018-05-04 17:05:31'), ('134', '4', '74.00', '7.00', '7.00', '调节', '0', '2018-08-05 17:05:31'), ('135', '2', '5.00', '5.00', '50.00', '调节', '0', '2018-12-10 11:51:36'), ('136', '4', '1.00', '2.00', '20.00', '调节', '0', '2017-02-04 15:05:47'), ('137', '3', '1.00', '2.00', '38.00', '调节', '0', '2018-12-09 15:05:55'), ('138', '4', '74.00', '7.00', '7.00', '调节', '0', '2016-01-01 11:09:16'), ('139', '4', '74.00', '7.00', '7.00', '调节', '0', '2016-01-02 11:51:36'), ('140', '3', '1.00', '2.00', '33.00', '调节', '0', '2018-10-06 11:51:36'), ('141', '3', '1.00', '2.00', '33.00', '调节', '0', '2017-02-03 11:09:16'), ('142', '4', '6.00', '6.00', '6.00', '调节', '0', '2018-05-04 17:05:31'), ('143', '4', '74.00', '7.00', '7.00', '调节', '0', '2018-06-05 17:05:31'), ('144', '2', '5.00', '5.00', '50.00', '调节', '0', '2018-12-10 11:51:36'), ('145', '4', '1.00', '2.00', '20.00', '调节', '0', '2017-02-04 15:05:47'), ('146', '3', '1.00', '2.00', '38.00', '调节', '0', '2018-12-09 15:05:55'), ('147', '4', '74.00', '7.00', '7.00', '调节', '0', '2016-01-01 11:09:16'), ('148', '4', '74.00', '7.00', '7.00', '调节', '0', '2016-01-02 11:51:36'), ('149', '3', '1.00', '2.00', '33.00', '调节', '0', '2018-10-06 11:51:36'), ('150', '3', '1.00', '2.00', '33.00', '调节', '0', '2017-02-03 11:09:16'), ('151', '4', '6.00', '6.00', '6.00', '调节', '0', '2018-02-04 17:05:31'), ('152', '4', '74.00', '7.00', '7.00', '调节', '0', '2018-08-05 17:05:31'), ('153', '2', '5.00', '5.00', '50.00', '调节', '0', '2018-12-10 11:51:36'), ('154', '4', '1.00', '2.00', '20.00', '调节', '0', '2017-02-04 15:05:47'), ('155', '3', '1.00', '2.00', '38.00', '调节', '0', '2018-12-09 15:05:55'), ('156', '4', '74.00', '7.00', '7.00', '调节', '0', '2016-01-01 11:09:16'), ('157', '4', '74.00', '7.00', '7.00', '调节', '0', '2016-01-02 11:51:36'), ('158', '3', '1.00', '2.00', '33.00', '调节', '0', '2018-11-06 11:51:36'), ('159', '3', '1.00', '2.00', '33.00', '调节', '0', '2017-02-03 11:09:16'), ('160', '4', '6.00', '6.00', '6.00', '调节', '0', '2018-02-04 17:05:31'), ('161', '4', '74.00', '7.00', '7.00', '调节', '0', '2018-08-05 17:05:31'), ('162', '2', '5.00', '5.00', '50.00', '调节', '0', '2018-12-10 11:51:36'), ('163', '4', '1.00', '2.00', '20.00', '调节', '0', '2017-02-04 15:05:47'), ('164', '3', '1.00', '2.00', '38.00', '调节', '0', '2018-12-09 15:05:55'), ('165', '4', '74.00', '7.00', '7.00', '调节', '0', '2016-01-01 11:09:16'), ('166', '4', '74.00', '7.00', '7.00', '调节', '0', '2016-01-02 11:51:36'), ('167', '3', '1.00', '2.00', '33.00', '调节', '0', '2018-10-06 11:51:36'), ('168', '3', '1.00', '2.00', '33.00', '调节', '0', '2017-02-03 11:09:16'), ('169', '4', '6.00', '6.00', '6.00', '调节', '0', '2018-01-04 17:05:31'), ('170', '4', '74.00', '7.00', '7.00', '调节', '0', '2018-09-05 17:05:31'), ('171', '2', '5.00', '5.00', '50.00', '调节', '0', '2018-12-10 11:51:36'), ('172', '4', '1.00', '2.00', '20.00', '调节', '0', '2017-02-04 15:05:47'), ('173', '3', '1.00', '2.00', '38.00', '调节', '0', '2018-12-09 15:05:55'), ('174', '4', '74.00', '7.00', '7.00', '调节', '0', '2016-01-01 11:09:16'), ('175', '4', '74.00', '7.00', '7.00', '调节', '0', '2016-01-02 11:51:36'), ('176', '3', '1.00', '2.00', '33.00', '调节', '0', '2018-10-06 11:51:36'), ('177', '3', '1.00', '2.00', '33.00', '调节', '0', '2017-02-03 11:09:16'), ('178', '4', '6.00', '6.00', '6.00', '调节', '0', '2018-01-04 17:05:31'), ('179', '4', '74.00', '7.00', '7.00', '调节', '0', '2018-09-05 17:05:31'), ('180', '2', '5.00', '5.00', '50.00', '调节', '0', '2018-12-10 11:51:36'), ('181', '4', '1.00', '2.00', '20.00', '调节', '0', '2017-02-04 15:05:47'), ('182', '3', '1.00', '2.00', '38.00', '调节', '0', '2018-12-09 15:05:55'), ('183', '4', '74.00', '7.00', '7.00', '调节', '0', '2016-01-01 11:09:16'), ('184', '4', '74.00', '7.00', '7.00', '调节', '0', '2016-01-02 11:51:36'), ('185', '3', '1.00', '2.00', '33.00', '调节', '0', '2018-10-06 11:51:36'), ('186', '3', '1.00', '2.00', '33.00', '调节', '0', '2017-02-03 11:09:16'), ('187', '4', '6.00', '6.00', '6.00', '调节', '0', '2018-02-04 17:05:31'), ('188', '4', '74.00', '7.00', '7.00', '调节', '0', '2018-09-05 17:05:31'), ('189', '2', '5.00', '5.00', '50.00', '调节', '0', '2018-12-10 11:51:36'), ('190', '4', '1.00', '2.00', '20.00', '调节', '0', '2017-02-04 15:05:47'), ('191', '3', '1.00', '2.00', '38.00', '调节', '0', '2018-12-09 15:05:55'), ('192', '4', '74.00', '7.00', '7.00', '调节', '0', '2016-01-01 11:09:16'), ('193', '4', '74.00', '7.00', '7.00', '调节', '0', '2016-01-02 11:51:36'), ('194', '3', '1.00', '2.00', '33.00', '调节', '0', '2018-10-06 11:51:36'), ('195', '3', '1.00', '2.00', '33.00', '调节', '0', '2017-02-03 11:09:16'), ('196', '4', '6.00', '6.00', '6.00', '调节', '0', '2018-05-04 17:05:31'), ('197', '4', '74.00', '7.00', '7.00', '调节', '0', '2018-06-05 17:05:31'), ('198', '2', '5.00', '5.00', '50.00', '调节', '0', '2018-12-10 11:51:36'), ('199', '4', '1.00', '2.00', '20.00', '调节', '0', '2017-02-04 15:05:47'), ('200', '3', '1.00', '2.00', '38.00', '调节', '0', '2018-12-09 15:05:55'), ('201', '4', '74.00', '7.00', '7.00', '调节', '0', '2016-01-01 11:09:16'), ('202', '4', '74.00', '7.00', '7.00', '调节', '0', '2016-01-02 11:51:36'), ('203', '3', '1.00', '2.00', '33.00', '调节', '0', '2018-10-06 11:51:36'), ('204', '3', '1.00', '2.00', '33.00', '调节', '0', '2017-02-03 11:09:16'), ('205', '4', '6.00', '6.00', '6.00', '调节', '0', '2018-05-04 17:05:31'), ('206', '4', '74.00', '7.00', '7.00', '调节', '0', '2018-08-05 17:05:31'), ('207', '2', '5.00', '5.00', '50.00', '调节', '0', '2018-12-10 11:51:36'), ('208', '4', '1.00', '2.00', '20.00', '调节', '0', '2017-02-04 15:05:47');
INSERT INTO `expense` VALUES ('209', '3', '1.00', '2.00', '38.00', '调节', '0', '2018-12-09 15:05:55'), ('210', '4', '74.00', '7.00', '7.00', '调节', '0', '2016-01-01 11:09:16'), ('211', '4', '74.00', '7.00', '7.00', '调节', '0', '2016-01-02 11:51:36'), ('212', '3', '1.00', '2.00', '33.00', '调节', '0', '2018-10-06 11:51:36'), ('213', '3', '1.00', '2.00', '33.00', '调节', '0', '2017-02-03 11:09:16'), ('214', '4', '6.00', '6.00', '6.00', '调节', '0', '2018-05-04 17:05:31'), ('215', '4', '74.00', '7.00', '7.00', '调节', '0', '2018-06-05 17:05:31'), ('216', '2', '5.00', '5.00', '50.00', '调节', '0', '2018-12-10 11:51:36'), ('217', '4', '1.00', '2.00', '20.00', '调节', '0', '2017-02-04 15:05:47'), ('218', '3', '1.00', '2.00', '38.00', '调节', '0', '2018-12-09 15:05:55'), ('219', '4', '74.00', '7.00', '7.00', '调节', '0', '2016-01-01 11:09:16'), ('220', '4', '74.00', '7.00', '7.00', '调节', '0', '2016-01-02 11:51:36'), ('221', '3', '1.00', '2.00', '33.00', '调节', '0', '2018-10-06 11:51:36'), ('222', '3', '1.00', '2.00', '33.00', '调节', '0', '2017-02-03 11:09:16'), ('223', '4', '6.00', '6.00', '6.00', '调节', '0', '2018-02-04 17:05:31'), ('224', '4', '74.00', '7.00', '7.00', '调节', '0', '2018-08-05 17:05:31'), ('225', '2', '5.00', '5.00', '50.00', '调节', '0', '2018-12-10 11:51:36'), ('226', '4', '1.00', '2.00', '20.00', '调节', '0', '2017-02-04 15:05:47'), ('227', '3', '1.00', '2.00', '38.00', '调节', '0', '2018-12-09 15:05:55'), ('228', '4', '74.00', '7.00', '7.00', '调节', '0', '2016-01-01 11:09:16'), ('229', '4', '74.00', '7.00', '7.00', '调节', '0', '2016-01-02 11:51:36'), ('230', '3', '1.00', '2.00', '33.00', '调节', '0', '2018-11-06 11:51:36'), ('231', '3', '1.00', '2.00', '33.00', '调节', '0', '2017-02-03 11:09:16'), ('232', '4', '6.00', '6.00', '6.00', '调节', '0', '2018-02-04 17:05:31'), ('233', '4', '74.00', '7.00', '7.00', '调节', '0', '2018-08-05 17:05:31'), ('234', '2', '5.00', '5.00', '50.00', '调节', '0', '2018-12-10 11:51:36'), ('235', '4', '1.00', '2.00', '20.00', '调节', '0', '2017-02-04 15:05:47'), ('236', '3', '1.00', '2.00', '38.00', '调节', '0', '2018-12-09 15:05:55'), ('237', '4', '74.00', '7.00', '7.00', '调节', '0', '2016-01-01 11:09:16'), ('238', '4', '74.00', '7.00', '7.00', '调节', '0', '2016-01-02 11:51:36'), ('239', '3', '1.00', '2.00', '33.00', '调节', '0', '2018-10-06 11:51:36'), ('240', '3', '1.00', '2.00', '33.00', '调节', '0', '2017-02-03 11:09:16'), ('241', '4', '6.00', '6.00', '6.00', '调节', '0', '2018-01-04 17:05:31'), ('242', '4', '74.00', '7.00', '7.00', '调节', '0', '2018-09-05 17:05:31'), ('243', '2', '5.00', '5.00', '50.00', '调节', '0', '2018-12-10 11:51:36'), ('244', '4', '1.00', '2.00', '20.00', '调节', '0', '2017-02-04 15:05:47'), ('245', '3', '1.00', '2.00', '38.00', '调节', '0', '2018-12-09 15:05:55'), ('246', '4', '74.00', '7.00', '7.00', '调节', '0', '2016-01-01 11:09:16'), ('247', '4', '74.00', '7.00', '7.00', '调节', '0', '2016-01-02 11:51:36'), ('248', '3', '1.00', '2.00', '33.00', '调节', '0', '2018-10-06 11:51:36'), ('249', '3', '1.00', '2.00', '33.00', '调节', '0', '2017-02-03 11:09:16'), ('250', '4', '6.00', '6.00', '6.00', '调节', '0', '2018-01-04 17:05:31'), ('251', '4', '74.00', '7.00', '7.00', '调节', '0', '2018-09-05 17:05:31'), ('252', '2', '5.00', '5.00', '50.00', '调节', '0', '2018-12-10 11:51:36'), ('253', '4', '1.00', '2.00', '20.00', '调节', '0', '2017-02-04 15:05:47'), ('254', '3', '1.00', '2.00', '38.00', '调节', '0', '2018-12-09 15:05:55'), ('255', '4', '74.00', '7.00', '7.00', '调节', '0', '2016-01-01 11:09:16'), ('256', '4', '74.00', '7.00', '7.00', '调节', '0', '2016-01-02 11:51:36'), ('257', '3', '1.00', '2.00', '33.00', '调节', '0', '2018-10-06 11:51:36'), ('258', '3', '1.00', '2.00', '33.00', '调节', '0', '2017-02-03 11:09:16'), ('259', '4', '6.00', '6.00', '6.00', '调节', '0', '2018-02-04 17:05:31'), ('260', '4', '74.00', '7.00', '7.00', '调节', '0', '2018-09-05 17:05:31'), ('261', '2', '5.00', '5.00', '50.00', '调节', '0', '2018-12-10 11:51:36'), ('262', '4', '1.00', '2.00', '20.00', '调节', '0', '2017-02-04 15:05:47'), ('263', '3', '1.00', '2.00', '38.00', '调节', '0', '2018-12-09 15:05:55'), ('264', '4', '74.00', '7.00', '7.00', '调节', '0', '2016-01-01 11:09:16'), ('265', '4', '74.00', '7.00', '7.00', '调节', '0', '2016-01-02 11:51:36'), ('266', '3', '1.00', '2.00', '33.00', '调节', '0', '2018-10-06 11:51:36'), ('267', '3', '1.00', '2.00', '33.00', '调节', '0', '2017-02-03 11:09:16'), ('268', '4', '6.00', '6.00', '6.00', '调节', '0', '2018-05-04 17:05:31'), ('269', '4', '74.00', '7.00', '7.00', '调节', '0', '2018-06-05 17:05:31'), ('270', '2', '5.00', '5.00', '50.00', '调节', '0', '2018-12-10 11:51:36'), ('271', '4', '1.00', '2.00', '20.00', '调节', '0', '2017-02-04 15:05:47'), ('272', '3', '1.00', '2.00', '38.00', '调节', '0', '2018-12-09 15:05:55'), ('273', '4', '74.00', '7.00', '7.00', '调节', '0', '2016-01-01 11:09:16'), ('274', '4', '74.00', '7.00', '7.00', '调节', '0', '2016-01-02 11:51:36'), ('275', '3', '1.00', '2.00', '33.00', '调节', '0', '2018-10-06 11:51:36'), ('276', '3', '1.00', '2.00', '33.00', '调节', '0', '2017-02-03 11:09:16'), ('277', '4', '6.00', '6.00', '6.00', '调节', '0', '2018-05-04 17:05:31'), ('278', '4', '74.00', '7.00', '7.00', '调节', '0', '2018-08-05 17:05:31'), ('279', '2', '5.00', '5.00', '50.00', '调节', '0', '2018-12-10 11:51:36'), ('280', '4', '1.00', '2.00', '20.00', '调节', '0', '2017-02-04 15:05:47'), ('281', '3', '1.00', '2.00', '38.00', '调节', '0', '2018-12-09 15:05:55'), ('282', '4', '74.00', '7.00', '7.00', '调节', '0', '2016-01-01 11:09:16'), ('283', '4', '74.00', '7.00', '7.00', '调节', '0', '2016-01-02 11:51:36'), ('284', '3', '1.00', '2.00', '33.00', '调节', '0', '2018-10-06 11:51:36'), ('285', '3', '1.00', '2.00', '33.00', '调节', '0', '2017-02-03 11:09:16'), ('286', '4', '6.00', '6.00', '6.00', '调节', '0', '2018-05-04 17:05:31'), ('287', '4', '74.00', '7.00', '7.00', '调节', '0', '2018-06-05 17:05:31'), ('288', '2', '5.00', '5.00', '50.00', '调节', '0', '2018-12-10 11:51:36'), ('289', '4', '1.00', '2.00', '20.00', '调节', '0', '2017-02-04 15:05:47'), ('290', '3', '1.00', '2.00', '38.00', '调节', '0', '2018-12-09 15:05:55'), ('291', '4', '74.00', '7.00', '7.00', '调节', '0', '2016-01-01 11:09:16'), ('292', '4', '74.00', '7.00', '7.00', '调节', '0', '2016-01-02 11:51:36'), ('293', '3', '1.00', '2.00', '33.00', '调节', '0', '2018-10-06 11:51:36'), ('294', '3', '1.00', '2.00', '33.00', '调节', '0', '2017-02-03 11:09:16'), ('295', '4', '6.00', '6.00', '6.00', '调节', '0', '2018-02-04 17:05:31'), ('296', '4', '74.00', '7.00', '7.00', '调节', '0', '2018-08-05 17:05:31'), ('297', '2', '5.00', '5.00', '50.00', '调节', '0', '2018-12-10 15:18:06'), ('298', '2', '5.00', '5.00', '50.00', '调节', '0', '2018-12-11 01:15:52');
COMMIT;

-- ----------------------------
-- Table structure for expensetype1
-- ----------------------------
DROP TABLE IF EXISTS `expensetype1`;
CREATE TABLE `expensetype1` (
`ID`  bigint(255) NOT NULL AUTO_INCREMENT ,
`NAME`  varchar(255) CHARACTER SET latin1 COLLATE latin1_swedish_ci NULL DEFAULT NULL ,
`TYPE2_ID`  int(11) NULL DEFAULT NULL ,
PRIMARY KEY (`ID`)
)
ENGINE=InnoDB
DEFAULT CHARACTER SET=latin1 COLLATE=latin1_swedish_ci
AUTO_INCREMENT=3

;

-- ----------------------------
-- Records of expensetype1
-- ----------------------------
BEGIN;
INSERT INTO `expensetype1` VALUES ('1', 'Book', null), ('2', 'Food', null);
COMMIT;

-- ----------------------------
-- Table structure for item
-- ----------------------------
DROP TABLE IF EXISTS `item`;
CREATE TABLE `item` (
`ID`  bigint(11) NOT NULL AUTO_INCREMENT ,
`NAME`  varchar(255) CHARACTER SET latin1 COLLATE latin1_swedish_ci NULL DEFAULT NULL ,
`TYPE1_ID`  bigint(11) NULL DEFAULT NULL ,
PRIMARY KEY (`ID`)
)
ENGINE=InnoDB
DEFAULT CHARACTER SET=latin1 COLLATE=latin1_swedish_ci
AUTO_INCREMENT=5

;

-- ----------------------------
-- Records of item
-- ----------------------------
BEGIN;
INSERT INTO `item` VALUES ('1', 'VC++', '1'), ('2', 'Java', '1'), ('3', 'Vegetable', '2'), ('4', 'Cake', '2');
COMMIT;

-- ----------------------------
-- Table structure for persistent_logins
-- ----------------------------
DROP TABLE IF EXISTS `persistent_logins`;
CREATE TABLE `persistent_logins` (
`series`  varchar(64) CHARACTER SET latin1 COLLATE latin1_swedish_ci NOT NULL ,
`last_used`  datetime NOT NULL ,
`token`  varchar(64) CHARACTER SET latin1 COLLATE latin1_swedish_ci NOT NULL ,
`username`  varchar(64) CHARACTER SET latin1 COLLATE latin1_swedish_ci NOT NULL ,
PRIMARY KEY (`series`)
)
ENGINE=InnoDB
DEFAULT CHARACTER SET=latin1 COLLATE=latin1_swedish_ci

;

-- ----------------------------
-- Records of persistent_logins
-- ----------------------------
BEGIN;
COMMIT;

-- ----------------------------
-- Table structure for role
-- ----------------------------
DROP TABLE IF EXISTS `role`;
CREATE TABLE `role` (
`id`  bigint(20) NOT NULL AUTO_INCREMENT ,
`createdate`  datetime NULL DEFAULT NULL ,
`name`  varchar(255) CHARACTER SET latin1 COLLATE latin1_swedish_ci NULL DEFAULT NULL ,
PRIMARY KEY (`id`)
)
ENGINE=InnoDB
DEFAULT CHARACTER SET=latin1 COLLATE=latin1_swedish_ci
AUTO_INCREMENT=9

;

-- ----------------------------
-- Records of role
-- ----------------------------
BEGIN;
INSERT INTO `role` VALUES ('8', null, 'admin');
COMMIT;

-- ----------------------------
-- Table structure for user
-- ----------------------------
DROP TABLE IF EXISTS `user`;
CREATE TABLE `user` (
`id`  bigint(20) NOT NULL AUTO_INCREMENT ,
`createdate`  datetime NULL DEFAULT NULL ,
`email`  varchar(255) CHARACTER SET latin1 COLLATE latin1_swedish_ci NULL DEFAULT NULL ,
`name`  varchar(255) CHARACTER SET latin1 COLLATE latin1_swedish_ci NULL DEFAULT NULL ,
`password`  varchar(255) CHARACTER SET latin1 COLLATE latin1_swedish_ci NULL DEFAULT NULL ,
`sex`  int(11) NULL DEFAULT NULL ,
`did`  bigint(20) NULL DEFAULT NULL ,
`age`  int(11) NOT NULL DEFAULT 0 ,
`user_name`  varchar(255) CHARACTER SET latin1 COLLATE latin1_swedish_ci NOT NULL DEFAULT '' ,
PRIMARY KEY (`id`),
FOREIGN KEY (`did`) REFERENCES `department` (`id`) ON DELETE RESTRICT ON UPDATE RESTRICT,
FOREIGN KEY (`did`) REFERENCES `department` (`id`) ON DELETE RESTRICT ON UPDATE RESTRICT,
UNIQUE INDEX `UK_lqjrcobrh9jc8wpcar64q1bfh` (`user_name`) USING BTREE ,
INDEX `FK5638it980qu6b5hqi4trcbqw1` (`did`) USING BTREE 
)
ENGINE=InnoDB
DEFAULT CHARACTER SET=latin1 COLLATE=latin1_swedish_ci
AUTO_INCREMENT=8

;

-- ----------------------------
-- Records of user
-- ----------------------------
BEGIN;
INSERT INTO `user` VALUES ('7', '2018-11-28 11:38:03', null, 'user', '$2a$10$zY5pcXtdCuGUF.UsVu6Imum/Lr0x8N05zJpo8X.k7Ccu595ygmjxi', null, '8', '0', '');
COMMIT;

-- ----------------------------
-- Table structure for user_role
-- ----------------------------
DROP TABLE IF EXISTS `user_role`;
CREATE TABLE `user_role` (
`user_id`  bigint(20) NOT NULL ,
`roles_id`  bigint(20) NOT NULL ,
FOREIGN KEY (`user_id`) REFERENCES `user` (`id`) ON DELETE RESTRICT ON UPDATE RESTRICT,
FOREIGN KEY (`roles_id`) REFERENCES `role` (`id`) ON DELETE RESTRICT ON UPDATE RESTRICT,
FOREIGN KEY (`user_id`) REFERENCES `user` (`id`) ON DELETE RESTRICT ON UPDATE RESTRICT,
FOREIGN KEY (`roles_id`) REFERENCES `role` (`id`) ON DELETE RESTRICT ON UPDATE RESTRICT,
INDEX `FKeog8p06nu33ihk13roqnrp1y6` (`roles_id`) USING BTREE ,
INDEX `FK859n2jvi8ivhui0rl0esws6o` (`user_id`) USING BTREE 
)
ENGINE=InnoDB
DEFAULT CHARACTER SET=latin1 COLLATE=latin1_swedish_ci

;

-- ----------------------------
-- Records of user_role
-- ----------------------------
BEGIN;
INSERT INTO `user_role` VALUES ('7', '8');
COMMIT;

-- ----------------------------
-- View structure for v_expense
-- ----------------------------
DROP VIEW IF EXISTS `v_expense`;
CREATE ALGORITHM=UNDEFINED DEFINER=`root`@`localhost` SQL SECURITY DEFINER VIEW `v_expense` AS select `a`.`ID` AS `ID`,`a`.`ITEM_ID` AS `ITEM_ID`,`a`.`QTY` AS `QTY`,`a`.`PRICE` AS `PRICE`,`a`.`CHARGE` AS `CHARGE`,`a`.`REMARK` AS `REMARK`,`a`.`USER_ID` AS `USER_ID`,`a`.`CREATE_TIME` AS `CREATE_TIME`,`b`.`NAME` AS `name` from (`expense` `a` join `item` `b` on((`a`.`ITEM_ID` = `b`.`ID`))) ;

-- ----------------------------
-- Auto increment value for department
-- ----------------------------
ALTER TABLE `department` AUTO_INCREMENT=9;

-- ----------------------------
-- Auto increment value for expense
-- ----------------------------
ALTER TABLE `expense` AUTO_INCREMENT=299;

-- ----------------------------
-- Auto increment value for expensetype1
-- ----------------------------
ALTER TABLE `expensetype1` AUTO_INCREMENT=3;

-- ----------------------------
-- Auto increment value for item
-- ----------------------------
ALTER TABLE `item` AUTO_INCREMENT=5;

-- ----------------------------
-- Auto increment value for role
-- ----------------------------
ALTER TABLE `role` AUTO_INCREMENT=9;

-- ----------------------------
-- Auto increment value for user
-- ----------------------------
ALTER TABLE `user` AUTO_INCREMENT=8;
